,n_estimators,train_accuracy,test_accuracy,train_f1,test_f1
0,100,0.9723618438361096,0.9175874387305807,0.9724141718107692,0.9174048676987181
1,200,0.9725141583239868,0.9193320594832599,0.9725667254888823,0.9191700073054505
2,300,0.9725141583239868,0.919913599734153,0.9725649181077511,0.9197438940141849
3,400,0.9725141583239868,0.9203289856276481,0.9725676854294688,0.9201709975743565
4,500,0.9725141583239868,0.9202874470382986,0.972567615041929,0.9201258637536827
5,600,0.9725141583239868,0.9207443715211432,0.9725646299720689,0.9205806375240839
6,700,0.9725141583239868,0.9206197557530946,0.9725658062169916,0.9204554492721547
7,800,0.9725141583239868,0.9206612943424441,0.9725676395866677,0.9204976049501038
